ID;nombre;tipo
143;PREVISER ESPECIAL REF.3;E
144;PREVISER PREMIUM REF.4;E
145;PREVISER ELITE REF.5;E
146;PREVISER FULL REF.6;E
153;EMPRESARIAL ESPECIAL P-153;E
154;EMPRESARIAL PREMIUM P-154;E
155;EMPRESARIAL ESPECIAL P-155;E
163;EMPRESARIAL ESPECIAL P-163;E
164;EMPRESARIAL PREMIUM P-164;E
165;EMPRESARIAL VIP PLAN 165;E
173;EMPRESARIAL ESPECIAL P-173;E
174;EMPRESARIAL PREMIUM P-174;E
175;EMPRESARIAL VIP PLAN 175;E
176;EMPRESARIAL GRANCOOP;E
183;EMPRESARIAL ESPECIAL P-183;E
184;EMPRESARIAL PREMIUM P-184;E
185;EMPRESARIAL VIP P-185;E
186;EMPRESARIAL GRANCOOP;E
187;EMPRESARIAL ESP. ELITE P-187;E
193;EMPRESARIAL ESPECIAL P-193;E
194;EMPRESARIAL PREMIUM P-194;E
195;EMPRESARIAL VIP P-195;E
196;EMPRESARIAL GRANCOOP;E
197;EMPRESARIAL ESP. ELITE P-197;E
203;EMPRESARIAL ESPECIAL P-203;E
204;EMPRESARIAL PREMIUM P-204;E
205;EMPRESARIAL VIP P-205;E
206;EMPRESARIAL GRANCOOP;E
207;EMPRESARIAL ESP. ELITE P-207;E
321;PREVISER FAMILIAR PLAN 321;R
322;PREVISER PREFERENCIAL P-322;R
325;PREVISER ELITE PLAN 325;R
326;PREVISER FULL PLAN 326;R
331;PREVISER FAMILIAR PLAN 331;R
332;PREVISER PREFERENCIAL P-332;R
335;PREVISER VIP PLAN 335;R
336;REDEFAM PLAN 336;R
337;SERVIALIADAS PLAN 337;R
341;PREVISER FAMILIAR PLAN 341;R
342;PREVISER PREFERENCIAL P-342;R
345;PREVISER VIP PLAN 345;R
346;REDEFAM PLAN 346;R
347;SERVIALIADAS PLAN 347;R
351;PREVISER FAMILIAR PLAN 351;R
352;PREVISER PREFERENCIAL P-352;R
355;PREVISER VIP PLAN 355;R
361;PREVISER FAMILIAR P-361;R
362;PREVISER PREFERENCIAL P-362;R
365;PREVISER VIP P-365;R
371;PREVISER FAMILIAR P-371;R
372;PREVISER PREFERENCIAL P-372;R
375;PREVISER VIP P-375;R
381;PREVISER FAMILIAR P-381;R
382;PREVISER PREFERENCIAL P-382;R
385;PREVISER VIP P-385;R
