4;5;;4;2000;2
4;5;;3;2000;1
4;1;;3;2000;3
4;2;;6;2000;1
4;3;;6;2000;1
4;4;;6;2000;1
4;1;;6;2000;4
4;1;;10;2000;1
4;1;;12;2000;1
4;3;;6;2000;1
4;5;;4;2001;1
4;1;;4;2001;1
1;78;;3;2001;1
4;5;;3;2001;1
4;8;;6;2001;1
4;1;;6;2001;2
4;4;;6;2001;1
4;7;;5;2001;1
4;2;;5;2001;1
4;1;;8;2001;1
4;1;;7;2001;1
4;1;;4;2002;1
4;5;;4;2002;1
4;2;;6;2002;1
4;4;;6;2002;2
4;6;;5;2002;1
4;1;;5;2002;2
4;1;;9;2002;2
4;7;;6;2003;1
4;1;;6;2003;1
4;5;;4;2006;1
4;8;;3;2006;1
4;1;;8;2006;1
4;1;;2;2010;1
4;5;;4;2010;1
4;2;;6;2010;1
4;1;;6;2013;1
4;1;;7;2013;1
4;2;;5;2014;1
4;1;;6;2015;1
4;7;;5;2015;1
4;1;;6;2018;1
4;1;;10;2019;1
4;8;;4;2020;1
4;1;;4;2020;1
4;3;;6;2023;1
4;4;;6;2023;1
4;5;;3;2025;1
4;1;;6;2026;1
4;1;;6;2029;1
4;1;;7;2029;1
4;1;;4;2031;1
4;2;;6;2041;1
1;78;;5;2041;1
4;1;;6;2052;1
4;3;;6;2061;1
4;1;;8;2062;1
4;1;;12;2064;1
4;1;;4;2073;1
4;1;;8;2073;1
4;1;;5;2078;1
4;4;;6;2090;1
4;1;;6;2091;1
4;2;;6;2091;1
4;1;;7;2091;1
4;1;;6;2097;1
4;1;;8;2103;1
4;1;;4;2119;1
4;1;;10;2119;1
4;1;;4;2126;1
4;1;;8;2133;2
4;1;;4;2138;1
4;1;;4;2146;1
4;1;;10;2146;1
1;78;;3;2151;1
4;1;;3;2164;1
4;4;;3;2166;1
4;1;;6;2167;1
4;6;;6;2170;1
4;1;;4;2171;1
4;2;;5;2171;1
4;1;;6;2172;1
4;1;;5;2172;1
4;1;;8;2172;1
4;1;;7;2172;1
4;1;;8;2176;1
4;1;;5;2186;1
4;1;;6;2208;1
4;4;;4;2212;2
4;2;;6;2212;1
4;1;;6;2212;2
4;6;;6;2212;1
4;1;;5;2212;2
4;1;;7;2212;1
4;6;;6;2215;1
4;4;;6;2221;1
4;2;;6;2224;2
4;1;;8;2233;1
4;1;;6;2266;1
4;1;;7;2284;1
4;3;;6;2289;1
4;1;;6;2289;1
4;2;;6;2290;1
1;78;;3;2292;1
4;1;;6;2292;1
4;1;;7;2292;1
4;4;;6;2293;1
4;1;;8;2294;2
4;5;;4;2298;1
4;4;;6;2298;1
4;1;;8;2299;1
4;1;;11;2299;1
4;1;;4;2306;1
4;1;;6;2306;1
4;1;;3;2308;1
4;1;;4;2319;1
4;3;;4;2319;1
4;1;;3;2319;1
4;4;;5;2319;1
4;1;;8;2319;1
4;1;;4;2323;1
4;1;;4;2324;1
4;1;;3;2324;1
4;1;;6;2324;1
4;1;;8;2326;1
4;1;;4;2340;1
4;1;;5;2349;1
4;1;;9;2349;1
4;1;;4;2355;1
4;1;;6;2368;1
4;1;;6;2374;1
4;1;;4;2376;1
4;1;;8;2376;1
4;1;;8;2380;1
4;1;;1;2381;1
4;1;;2;2381;1
4;5;;4;2381;1
4;4;;4;2381;4
4;8;;4;2381;1
4;1;;4;2381;2
4;1;;3;2381;1
4;6;;6;2381;1
4;3;;6;2381;1
4;2;;6;2381;1
4;1;;6;2381;5
4;8;;6;2381;1
4;1;;5;2381;2
4;4;;5;2381;1
4;3;;5;2381;2
4;1;;8;2381;2
4;1;;7;2381;3
4;3;;5;2389;1
4;4;;6;2390;2
4;1;;8;2393;1
4;4;;6;2410;1
4;8;;6;2416;1
4;9;;4;2431;1
4;1;;7;2451;1
4;5;;4;2470;1
4;7;;4;2470;1
4;5;;4;2477;1
4;5;;4;2484;1
4;1;;8;2489;1
4;5;;3;2505;1
4;5;;4;2514;1
2;24;;4;246;1
2;33;;6;383;1
1;53;;5;402;1
1;53;;5;403;1
1;53;;7;403;1
1;53;;4;409;1
1;53;;6;409;1
1;53;;7;409;3
1;53;;8;409;1
1;53;;12;409;1
1;47;;2;416;1
1;50;;4;416;1
1;53;;4;416;1
1;53;;5;416;1
1;53;;6;416;1
1;53;;7;416;1
1;53;;10;418;1
1;53;;5;424;1
1;53;;6;425;1
1;26;;5;427;1
1;53;;6;427;1
1;53;;8;427;1
1;53;;10;427;1
1;53;;6;433;1
1;53;;6;435;1
1;53;;6;438;2
1;63;;4;439;1
1;53;;5;439;1
1;53;;6;439;6
1;53;;7;439;1
1;53;;8;439;1
1;53;;10;439;1
1;47;;2;440;1
1;22;;2;440;1
1;53;;3;440;2
2;21;;3;440;1
1;26;;3;440;1
1;53;;4;440;4
2;21;;4;440;1
2;24;;4;440;1
1;26;;4;440;2
2;29;;4;440;1
1;26;;5;440;1
1;53;;5;440;7
2;65;;5;440;1
1;53;;6;440;21
1;26;;6;440;5
2;33;;6;440;1
1;63;;6;440;1
1;53;;8;440;14
1;53;;9;440;2
1;53;;10;440;6
1;63;;2;441;1
1;53;;6;441;4
1;26;;6;441;1
1;53;;8;441;1
1;53;;9;441;1
1;53;;11;441;1
1;26;;2;444;1
1;26;;3;444;1
1;53;;4;444;3
1;53;;5;444;2
1;53;;6;444;1
1;53;;10;444;1
1;53;;5;445;1
1;26;;6;445;1
1;53;;11;445;1
1;53;;6;448;1
1;54;;4;449;1
1;53;;4;449;1
1;53;;6;449;1
1;26;;6;451;1
1;53;;7;451;1
2;31;;3;452;1
1;50;;4;452;1
1;63;;6;452;1
1;53;;6;452;1
1;53;;4;461;2
1;53;;5;461;1
1;53;;6;461;4
1;53;;8;461;1
1;53;;10;461;1
1;84;;2;465;1
1;22;;2;465;1
1;63;;2;465;1
5;3;;2;465;1
1;26;;2;465;2
2;33;;3;465;1
1;53;;3;465;6
1;72;;4;465;1
1;46;;4;465;1
1;53;;4;465;17
2;22;;4;465;1
2;65;;4;465;1
2;33;;4;465;1
1;53;;5;465;27
1;26;;5;465;1
1;50;;6;465;1
1;63;;6;465;4
1;53;;6;465;92
1;26;;6;465;9
1;53;;7;465;5
1;53;;8;465;21
1;53;;9;465;8
1;53;;10;465;15
1;53;;11;465;2
1;53;;12;465;9
1;53;;6;466;1
1;53;;3;469;1
1;53;;6;469;1
1;47;;2;471;1
1;26;;4;471;1
1;53;;6;471;1
1;53;;5;475;1
1;53;;6;475;1
1;53;;8;476;1
1;55;;1;478;1
1;26;;6;478;1
1;53;;6;478;2
1;53;;6;480;2
1;53;;8;480;1
1;53;;6;482;1
1;47;;1;490;1
1;53;;3;490;1
1;50;;4;490;1
1;53;;4;490;9
2;31;;4;490;1
1;53;;5;490;6
1;26;;5;490;2
1;53;;6;490;31
1;50;;6;490;5
1;26;;6;490;2
1;53;;7;490;1
1;53;;8;490;4
1;53;;10;490;1
5;2;;3;491;1
1;63;;4;491;1
1;53;;4;491;5
1;72;;4;491;1
1;53;;5;491;3
1;26;;5;491;1
1;50;;6;491;1
1;53;;6;491;18
1;26;;6;491;2
1;53;;7;491;1
1;53;;8;491;7
1;53;;9;491;1
1;53;;10;491;3
1;53;;11;491;3
1;49;;2;494;1
1;53;;6;494;1
1;53;;9;494;1
1;26;;5;496;1
1;45;;6;499;1
1;53;;6;499;3
1;26;;2;500;1
1;26;;5;500;1
1;53;;9;500;1
1;53;;11;500;1
1;53;;3;504;1
1;50;;3;504;1
1;45;;4;504;1
1;53;;4;504;3
1;53;;5;504;3
1;53;;6;504;8
1;53;;7;504;2
1;53;;8;504;2
1;53;;9;504;1
1;53;;10;504;1
1;53;;5;505;1
1;26;;6;505;1
1;53;;7;505;1
1;46;;4;523;1
1;53;;3;526;1
1;50;;3;526;1
1;53;;4;526;1
1;53;;5;526;6
1;53;;6;526;4
1;26;;6;526;1
1;53;;12;526;1
1;53;;6;530;2
1;53;;3;531;1
1;53;;6;531;2
1;53;;9;531;1
1;53;;12;531;1
1;47;;1;544;1
1;63;;4;544;1
1;53;;6;544;2
1;53;;8;544;3
1;53;;10;544;1
1;53;;3;548;1
1;53;;6;548;2
2;30;;6;548;1
1;53;;5;559;1
1;53;;6;559;1
1;53;;8;559;1
1;53;;10;559;1
1;53;;6;579;1
1;53;;10;579;1
1;50;;4;602;1
1;53;;4;604;1
1;53;;4;612;1
1;53;;8;612;1
1;63;;6;616;1
1;53;;6;616;6
1;53;;8;616;1
1;53;;9;616;1
1;53;;10;616;2
1;53;;5;631;1
1;53;;12;631;1
2;21;;3;634;1
1;53;;5;634;1
1;26;;6;634;1
1;53;;6;634;2
1;22;;2;635;1
1;53;;4;635;3
1;53;;6;635;6
1;53;;7;635;2
1;53;;8;635;1
1;53;;10;635;2
1;26;;2;636;1
1;53;;5;636;1
1;53;;6;636;5
1;53;;10;636;1
1;53;;8;638;3
1;53;;6;639;1
1;53;;6;654;2
1;50;;6;654;1
1;53;;4;655;1
1;53;;4;658;1
1;53;;6;658;1
1;53;;8;658;1
1;63;;1;659;1
1;53;;6;660;1
1;52;;4;661;1
1;47;;2;664;1
1;40;;6;664;1
1;84;;2;665;3
5;3;;2;665;1
1;26;;2;665;1
1;53;;3;665;1
1;26;;4;665;1
2;30;;4;665;2
1;53;;4;665;11
1;72;;4;665;2
2;31;;4;665;1
1;50;;5;665;1
1;53;;5;665;11
1;63;;5;665;1
1;26;;5;665;2
1;53;;6;665;36
1;26;;6;665;2
1;50;;6;665;3
1;53;;7;665;3
1;53;;8;665;14
1;53;;9;665;4
1;53;;10;665;4
1;53;;11;665;1
1;53;;12;665;2
1;53;;3;666;1
2;30;;4;666;1
1;53;;6;666;1
1;53;;8;666;2
1;53;;10;666;2
1;53;;6;669;1
1;53;;3;673;1
1;53;;8;673;1
1;53;;8;675;1
1;53;;12;675;1
1;53;;6;686;1
1;53;;10;686;1
1;53;;5;687;2
1;53;;8;687;1
1;53;;10;690;1
1;53;;8;691;2
1;26;;6;692;1
1;53;;6;692;2
1;72;;4;693;1
1;53;;5;693;1
1;53;;3;695;1
1;53;;4;695;2
1;53;;5;695;2
2;17;;6;695;1
1;53;;6;695;9
1;26;;6;695;2
1;53;;7;695;1
1;53;;8;695;3
1;53;;12;695;1
1;53;;6;698;2
1;53;;5;699;1
1;53;;8;717;1
1;53;;6;724;1
1;53;;6;731;1
1;53;;8;731;1
1;53;;6;732;1
1;50;;4;735;1
1;53;;6;735;1
1;53;;6;737;1
2;65;;6;741;1
1;53;;6;743;1
1;53;;8;754;2
1;53;;6;761;1
2;21;;4;763;1
1;53;;8;763;1
1;53;;10;763;2
1;53;;11;763;1
1;53;;4;768;1
1;50;;5;768;1
1;53;;6;768;4
1;53;;8;768;2
1;53;;10;768;1
1;53;;6;769;2
1;53;;8;772;1
2;33;;4;783;1
1;26;;5;783;1
1;53;;6;783;2
1;53;;6;785;1
1;53;;4;789;1
1;26;;6;789;1
1;53;;6;790;1
2;30;;4;801;1
1;72;;4;801;1
1;50;;4;801;1
1;53;;5;801;1
1;50;;6;801;1
1;26;;6;801;1
1;53;;6;801;2
1;53;;7;801;1
1;53;;8;801;1
1;53;;10;801;1
1;26;;5;822;1
1;53;;7;825;1
1;53;;7;828;1
1;53;;5;833;1
1;53;;4;835;1
1;50;;4;839;1
1;53;;6;839;1
1;53;;8;839;2
1;26;;1;846;1
1;63;;6;846;1
1;53;;8;846;1
1;53;;10;846;1
1;84;;2;856;1
1;53;;6;856;1
1;53;;10;856;1
1;53;;11;856;1
1;53;;6;857;2
1;53;;8;857;1
1;26;;5;863;1
1;53;;6;863;1
1;53;;7;863;1
1;53;;8;863;1
1;53;;5;865;1
1;53;;8;874;1
1;53;;9;874;1
1;53;;6;875;5
1;53;;7;875;1
1;53;;8;875;1
1;53;;12;875;1
1;47;;1;876;1
1;63;;4;876;1
1;53;;4;876;3
1;24;;4;876;1
1;50;;5;876;1
1;53;;5;876;3
1;26;;6;876;2
1;53;;6;876;12
1;63;;8;876;1
1;53;;8;876;3
1;53;;10;876;1
1;53;;12;876;2
1;53;;8;878;1
1;72;;4;880;1
1;50;;6;880;1
1;53;;12;880;1
1;53;;6;881;2
1;26;;6;881;1
1;22;;2;882;1
1;53;;4;882;1
1;53;;5;882;1
1;26;;6;882;1
1;53;;6;882;2
1;53;;7;882;1
1;53;;6;889;1
1;26;;6;889;1
2;30;;4;892;1
1;53;;6;920;1
1;53;;6;922;2
1;53;;12;934;1
1;26;;2;941;1
1;53;;5;941;2
1;53;;6;941;4
1;53;;8;945;1
1;53;;5;949;1
1;53;;6;949;2
1;53;;8;949;1
1;53;;4;954;1
1;53;;6;956;2
1;53;;4;962;2
1;53;;5;962;2
1;26;;6;962;1
1;53;;6;962;6
1;53;;8;962;1
1;53;;9;962;1
1;53;;11;962;1
1;53;;12;962;1
1;53;;6;967;1
1;53;;7;967;1
1;53;;8;967;1
1;26;;6;972;1
1;53;;10;980;1
1;53;;3;981;1
1;53;;8;981;1
1;53;;8;983;1
1;53;;6;986;1
1;53;;4;987;1
1;53;;6;994;6
1;53;;4;998;1
1;50;;6;998;1
2;21;;4;2775;1
1;53;;6;2775;1
1;53;;6;3006;1
1;53;;6;3009;1
1;53;;3;3010;1
1;53;;4;3010;1
1;53;;5;3010;1
1;53;;6;3010;1
1;53;;11;3010;1
1;53;;8;3013;1
1;47;;2;3014;1
1;53;;6;3014;1
1;22;;2;3016;1
1;47;;2;3016;1
1;53;;2;3016;1
1;53;;3;3016;3
1;68;;4;3016;1
1;53;;4;3016;3
1;50;;5;3016;1
1;53;;5;3016;5
1;53;;6;3016;18
1;53;;10;3016;7
1;53;;12;3016;1
1;63;;8;3033;1
1;55;;1;3034;1
1;26;;3;3034;1
1;53;;4;3034;1
2;31;;4;3034;1
2;21;;4;3034;1
1;40;;4;3034;1
1;53;;5;3034;3
1;53;;6;3034;13
1;53;;8;3034;2
1;53;;9;3034;1
1;53;;10;3034;1
1;53;;12;3034;1
1;53;;5;3037;1
1;53;;6;3037;1
1;63;;9;3037;1
1;53;;10;3037;1
1;53;;12;3037;2
1;22;;2;3042;1
1;53;;10;3042;1
1;53;;6;3044;1
1;53;;8;3044;1
1;53;;9;3044;1
1;53;;5;3046;1
1;53;;4;3049;1
1;53;;5;3049;1
1;53;;6;3049;4
1;53;;8;3049;2
1;53;;9;3049;1
1;53;;10;3049;3
1;53;;6;3050;1
2;21;;4;3051;1
1;53;;6;3051;1
1;26;;6;3051;1
1;53;;4;3053;1
1;84;;1;3054;1
1;26;;5;3054;1
1;53;;8;3054;1
1;53;;8;3058;1
1;53;;5;3059;1
1;53;;5;3061;1
1;53;;6;3061;1
1;53;;7;3062;1
1;53;;4;3063;1
1;53;;4;3067;1
1;53;;5;3067;2
1;53;;6;3067;4
1;53;;9;3067;1
1;53;;12;3067;1
1;53;;3;3068;4
1;53;;5;3068;2
2;15;;6;3068;1
1;53;;4;3069;1
1;53;;5;3069;1
1;50;;6;3069;1
1;53;;6;3069;1
1;53;;9;3069;2
1;53;;10;3069;1
1;53;;12;3069;1
1;50;;6;3070;1
1;53;;6;3079;1
1;53;;10;3079;1
1;53;;5;3080;2
1;53;;6;3080;1
1;53;;8;3080;1
1;53;;5;3081;2
1;53;;6;3081;1
1;53;;6;3082;1
1;53;;6;3085;1
1;49;;2;3090;1
1;22;;4;3090;1
1;53;;7;3091;1
1;53;;5;3095;1
1;53;;6;3095;1
1;53;;4;3096;1
1;53;;8;3096;1
1;53;;5;3103;1
1;53;;9;3103;1
1;53;;7;3105;1
1;53;;9;3108;1
1;53;;8;3110;1
1;53;;7;3120;1
1;53;;6;3123;1
1;22;;1;3133;1
1;22;;3;3133;1
1;53;;5;3133;1
1;53;;6;3133;11
2;65;;6;3133;1
1;53;;7;3133;4
1;53;;8;3133;2
1;53;;9;3133;2
1;53;;10;3133;5
1;53;;12;3133;1
1;53;;11;3137;1
1;53;;8;3140;1
1;53;;6;3145;1
1;53;;6;3147;1
1;53;;10;3155;1
1;53;;10;3156;1
1;63;;6;3158;1
1;53;;5;3159;1
1;53;;8;3161;1
1;53;;6;3163;1
1;26;;3;3165;1
1;53;;8;3165;1
1;53;;4;3171;1
2;30;;4;3173;2
1;53;;4;3183;1
1;53;;5;3183;1
1;53;;8;3183;1
1;53;;10;3183;1
1;26;;6;3185;1
1;53;;10;3185;1
1;53;;5;3187;1
1;53;;4;3194;1
1;53;;10;3205;1
1;53;;5;3216;1
1;53;;8;3224;2
1;26;;5;3225;1
1;53;;3;3229;1
1;53;;5;3229;1
1;53;;6;3229;1
1;53;;10;3229;2
1;53;;8;3246;1
1;53;;6;3267;1
1;53;;8;3267;1
1;53;;8;3281;1
1;53;;6;3283;1
1;50;;5;3400;1
1;53;;6;3400;1
1;53;;8;3400;1
1;53;;6;3404;1
1;53;;8;3404;1
1;53;;6;3407;2
1;53;;6;3411;3
1;53;;8;3411;1
1;53;;10;3411;2
1;50;;4;3414;1
1;53;;6;3417;1
1;53;;5;3422;1
1;53;;6;3422;1
1;53;;10;3422;1
1;53;;8;3423;1
1;26;;5;3430;1
1;53;;4;3433;2
1;26;;5;3433;1
1;53;;6;3433;1
1;53;;8;3441;1
1;53;;11;3441;1
1;53;;12;3441;1
1;47;;1;3442;1
1;53;;3;3442;1
2;65;;4;3442;1
2;30;;4;3442;1
1;53;;4;3442;2
1;50;;4;3442;1
1;53;;5;3442;3
1;26;;6;3442;1
1;53;;6;3442;8
1;53;;8;3442;1
1;53;;10;3442;4
1;53;;6;3446;2
1;53;;4;3449;1
1;53;;6;3458;1
1;53;;4;3465;1
1;53;;5;3494;1
1;53;;6;3494;1
1;53;;7;3494;1
1;53;;9;3494;1
1;53;;6;3495;1
1;53;;4;3496;1
1;53;;6;3505;1
2;29;;3;3506;1
1;53;;6;3517;2
1;26;;6;3517;1
1;53;;8;3517;1
1;53;;3;3540;1
1;53;;4;3540;1
2;31;;4;3540;1
1;53;;5;3540;1
1;26;;5;3540;1
1;53;;6;3540;8
1;53;;8;3540;3
1;53;;12;3540;1
2;65;;4;3541;1
1;53;;4;3541;1
1;72;;4;3541;1
1;53;;5;3541;5
1;53;;6;3541;8
1;26;;6;3541;2
1;53;;7;3541;2
1;53;;8;3541;4
1;53;;11;3541;1
1;53;;12;3541;1
1;53;;3;3543;1
1;53;;5;3543;1
1;53;;6;3543;1
1;53;;8;3543;1
1;53;;5;3545;1
1;53;;6;3545;1
1;53;;7;3551;1
1;53;;8;3551;2
1;53;;6;3553;1
1;53;;8;3559;2
1;53;;11;3559;1
1;53;;4;3571;1
2;33;;4;3571;1
1;50;;4;3571;1
1;53;;5;3571;1
1;53;;6;3571;2
1;26;;6;3573;1
1;26;;6;3586;1
1;53;;5;3588;1
1;53;;5;3590;1
1;53;;6;3594;1
1;63;;4;3595;1
1;53;;5;3595;3
1;53;;6;3595;3
1;53;;7;3595;1
1;53;;8;3595;1
1;53;;9;3595;1
1;53;;10;3595;2
1;53;;5;3600;1
1;53;;4;3602;1
1;53;;8;3602;1
2;29;;4;3606;1
1;53;;6;3606;4
1;26;;2;3607;1
1;53;;4;3607;1
1;53;;6;3607;1
1;26;;6;3607;1
1;53;;12;3607;1
1;53;;5;3609;1
1;53;;9;3609;1
1;53;;7;3611;1
1;53;;10;3611;1
1;26;;4;3612;1
1;53;;6;3613;1
1;53;;8;3614;1
1;53;;6;3617;1
1;53;;8;3617;1
1;53;;10;3617;1
1;53;;6;3618;1
1;53;;3;3619;1
1;53;;4;3622;1
1;50;;6;3622;1
1;63;;6;3622;1
1;53;;9;3623;1
1;47;;2;3631;1
1;58;;4;3631;1
1;53;;5;3631;2
1;53;;6;3631;5
1;26;;6;3631;1
1;53;;7;3631;1
1;53;;8;3631;1
1;53;;8;3653;1
1;53;;4;3657;1
1;50;;6;3657;1
1;50;;5;3660;1
1;53;;5;3666;1
1;53;;8;3673;1
1;63;;5;3692;1
1;53;;6;3692;1
1;53;;11;3692;1
1;53;;10;3700;1
1;53;;11;3700;1
1;46;;6;3701;1
1;53;;6;3703;1
1;53;;6;3706;1
1;26;;2;3716;1
1;53;;3;3716;1
1;53;;4;3716;3
1;72;;4;3716;1
2;21;;4;3716;1
1;53;;5;3716;4
1;53;;6;3716;5
1;53;;7;3716;2
1;53;;8;3716;4
1;53;;9;3716;1
1;53;;10;3716;1
1;53;;7;3720;1
1;26;;6;3721;2
1;47;;1;3723;1
1;53;;8;3723;1
1;53;;6;3724;1
1;53;;4;3725;1
1;53;;5;3725;2
1;53;;6;3725;3
1;53;;8;3725;1
1;53;;4;3727;1
1;53;;5;3727;1
1;63;;6;3727;1
1;53;;6;3727;2
1;26;;6;3727;1
1;53;;8;3727;1
1;53;;12;3727;1
2;21;;4;3728;1
1;26;;6;3728;1
1;26;;6;3733;1
2;30;;3;3734;1
1;63;;4;3734;1
1;53;;5;3734;2
1;26;;6;3734;1
1;53;;6;3734;6
1;53;;3;3735;1
1;53;;6;3735;1
1;53;;8;3735;1
1;53;;4;3743;1
1;53;;6;3743;1
1;22;;2;3744;1
1;53;;4;3744;1
1;53;;6;3744;3
1;26;;6;3744;1
1;53;;6;3745;1
1;53;;6;3747;1
1;53;;6;3750;1
1;53;;6;3755;1
1;53;;5;3767;1
1;26;;6;3767;1
1;53;;8;3767;2
1;53;;10;3767;2
1;26;;5;3768;1
1;53;;6;3768;1
1;53;;8;3768;1
1;53;;9;3768;1
1;53;;12;3768;1
1;53;;4;3770;1
1;53;;6;3770;2
1;53;;8;3770;1
1;53;;4;3771;1
1;53;;6;3771;2
1;26;;2;3773;1
1;50;;4;3773;1
2;31;;4;3773;1
1;53;;4;3773;1
1;26;;4;3773;1
1;53;;5;3773;1
1;53;;6;3773;4
1;53;;10;3773;1
1;26;;6;3775;1
1;53;;6;3779;1
1;53;;4;3780;1
1;53;;6;3780;1
1;53;;6;3781;2
1;53;;5;3783;1
1;53;;6;3801;1
1;26;;6;3803;1
1;50;;3;3811;1
1;53;;5;3812;1
1;26;;6;3819;1
1;53;;4;3824;1
1;53;;4;3825;4
2;31;;4;3825;1
1;26;;4;3825;1
1;40;;4;3825;1
1;53;;5;3825;1
1;53;;6;3825;6
1;53;;8;3825;2
1;53;;10;3825;1
1;22;;2;3826;1
2;21;;4;3826;1
1;53;;4;3826;1
1;53;;5;3826;1
1;26;;6;3826;1
1;53;;6;3826;6
1;50;;6;3826;1
1;53;;8;3826;1
2;30;;6;3829;1
1;53;;6;3837;1
1;26;;3;3840;1
1;72;;4;3840;1
1;50;;5;3840;1
1;53;;5;3840;3
1;53;;6;3840;3
1;53;;8;3840;1
1;53;;10;3840;2
2;21;;4;3841;1
1;84;;2;3844;2
1;55;;2;3844;3
1;50;;3;3844;1
1;26;;3;3844;1
1;53;;3;3844;1
1;72;;4;3844;1
1;53;;4;3844;10
1;50;;5;3844;1
1;26;;5;3844;1
1;53;;5;3844;10
1;53;;6;3844;21
1;26;;6;3844;1
1;53;;7;3844;3
1;53;;8;3844;5
1;53;;9;3844;2
1;53;;10;3844;1
1;53;;4;3846;1
1;53;;6;3846;2
1;53;;8;3846;1
1;53;;10;3846;1
1;84;;2;3847;1
1;53;;10;3849;1
1;53;;3;3881;1
1;53;;6;3881;1
1;53;;11;3881;1
1;53;;4;3882;2
1;53;;11;3882;1
1;53;;5;3884;1
1;53;;5;3891;1
1;48;;1;3893;1
1;55;;2;3893;1
1;53;;2;3893;2
1;26;;2;3893;1
1;22;;2;3893;2
1;47;;2;3893;2
2;30;;3;3893;1
1;72;;3;3893;1
1;50;;3;3893;5
1;53;;3;3893;15
1;53;;4;3893;24
1;40;;4;3893;1
2;31;;4;3893;1
1;63;;4;3893;1
1;72;;4;3893;1
1;46;;4;3893;1
2;21;;4;3893;1
1;26;;5;3893;2
1;50;;5;3893;5
1;53;;5;3893;54
1;63;;5;3893;1
1;53;;6;3893;125
1;26;;6;3893;1
1;40;;6;3893;1
1;50;;6;3893;4
1;53;;7;3893;16
1;63;;7;3893;1
1;53;;8;3893;31
1;53;;9;3893;11
1;53;;10;3893;17
1;53;;11;3893;2
1;53;;12;3893;4
1;26;;6;3894;2
1;53;;3;3903;1
1;53;;6;3903;2
1;53;;8;3903;1
1;53;;5;3907;3
1;26;;5;3907;1
1;26;;6;3907;1
1;53;;6;3907;8
1;53;;7;3907;1
1;50;;4;3908;3
1;53;;4;3908;3
1;53;;5;3908;6
1;26;;6;3908;1
1;53;;6;3908;20
1;53;;7;3908;2
1;53;;8;3908;3
1;53;;9;3908;1
1;53;;10;3908;6
1;53;;11;3908;1
1;53;;12;3908;1
1;53;;4;3909;1
1;53;;5;3909;3
1;26;;5;3909;2
1;26;;6;3909;1
1;53;;6;3909;3
1;53;;7;3909;2
1;53;;8;3909;8
1;53;;9;3909;1
1;53;;10;3909;2
1;53;;12;3909;1
1;53;;6;3910;1
1;26;;3;3912;1
1;53;;4;3912;1
1;53;;5;3912;2
1;53;;6;3912;8
1;53;;9;3912;1
1;53;;6;3915;3
2;22;;4;3918;1
1;53;;5;3918;1
1;53;;8;3918;1
1;53;;10;3918;1
1;53;;6;3923;3
1;53;;9;3923;1
1;53;;10;3923;1
1;53;;4;3934;1
1;53;;4;3935;1
1;53;;5;3935;1
1;26;;6;3935;1
1;53;;6;3935;1
1;53;;4;3945;1
1;53;;10;3948;1
1;26;;2;3955;1
1;47;;2;3955;1
2;31;;4;3955;1
1;26;;4;3955;1
1;53;;5;3955;2
1;26;;6;3955;1
1;53;;6;3955;6
1;53;;8;3955;4
1;53;;9;3955;2
1;53;;10;3955;5
1;53;;12;3955;2
1;53;;3;3956;1
1;49;;2;3957;1
1;53;;5;3959;1
1;53;;6;3959;1
1;72;;4;3960;1
1;53;;5;3960;1
1;53;;6;3960;2
1;53;;8;3960;1
1;53;;10;3960;1
1;46;;4;3962;1
1;53;;8;3962;1
1;53;;8;3964;1
1;53;;6;3966;1
1;50;;4;3969;1
1;53;;6;3969;1
1;53;;8;3969;1
1;53;;5;3970;1
1;26;;6;3975;1
1;22;;1;3976;1
1;72;;4;3976;1
1;53;;4;3976;2
1;26;;5;3976;1
1;53;;5;3976;1
1;53;;6;3976;5
1;26;;6;3976;2
1;53;;7;3976;1
1;53;;8;3976;1
1;53;;9;3976;1
1;53;;12;3976;1
1;53;;4;3982;1
1;53;;6;3982;2
1;53;;6;3993;1
1;63;;4;3994;1
1;53;;6;3994;2
1;40;;6;3994;1
1;53;;8;3994;1
1;53;;5;3996;1
1;53;;6;5021;1
1;64;;2;102;2
1;41;;2;102;5
1;81;;2;102;9
2;28;;2;102;3
1;40;;2;102;2
2;11;;2;102;1
1;57;;2;102;1
1;42;;2;102;4
2;65;;2;102;1
2;10;;2;102;1
2;23;;2;102;1
1;32;;2;102;3
1;50;;2;102;2
2;33;;2;102;9
2;30;;2;102;3
1;60;;2;102;3
2;29;;2;102;11
1;45;;2;102;1
1;63;;2;102;2
1;75;;1;102;1
1;64;;1;102;1
1;41;;1;102;2
1;81;;1;102;8
1;40;;1;102;1
2;28;;1;102;2
2;30;;1;102;5
2;33;;1;102;1
1;42;;1;102;1
2;29;;1;102;4
1;39;;1;102;1
1;41;;4;102;29
1;40;;4;102;80
1;53;;4;102;1
3;6;;4;102;1
2;21;;4;102;1
2;30;;4;102;7
1;51;;4;102;3
1;50;;4;102;11
1;39;;4;102;6
1;38;;4;102;1
1;45;;4;102;13
1;54;;4;102;2
2;31;;4;102;3
2;65;;4;102;4
1;52;;4;102;9
2;22;;4;102;4
1;43;;4;102;14
1;48;;4;102;5
1;58;;4;102;6
1;46;;4;102;6
1;63;;4;102;6
1;41;;3;102;8
1;43;;3;102;1
1;52;;3;102;3
1;30;;3;102;1
1;51;;3;102;2
1;50;;3;102;4
1;46;;3;102;1
2;21;;3;102;3
1;45;;3;102;4
1;63;;3;102;1
2;65;;3;102;2
1;44;;3;102;3
1;58;;3;102;2
2;31;;3;102;4
1;39;;3;102;1
1;40;;3;102;34
2;22;;3;102;3
1;41;;6;102;18
1;40;;6;102;54
1;45;;6;102;8
1;58;;6;102;1
1;53;;6;102;3
1;63;;6;102;2
1;52;;6;102;3
1;51;;6;102;1
1;50;;6;102;5
1;68;;5;102;1
1;63;;5;102;1
1;41;;5;102;6
2;1;;5;102;1
1;58;;5;102;2
1;53;;5;102;1
1;52;;5;102;1
1;45;;5;102;1
1;40;;5;102;23
1;51;;5;102;1
1;53;;8;102;4
1;40;;8;102;10
1;41;;8;102;3
1;40;;7;102;3
1;41;;7;102;8
1;40;;10;102;8
1;40;;9;102;5
1;40;;4;1;1
1;39;;1;3;1
2;12;;1;3;1
1;52;;4;3;1
1;40;;4;3;8
1;51;;3;3;1
1;40;;3;3;5
1;40;;6;3;4
1;52;;6;3;1
1;40;;5;3;3
1;52;;5;3;1
1;40;;7;3;1
1;40;;4;4;3
1;52;;4;4;1
1;43;;4;4;1
1;51;;4;4;1
1;40;;3;4;1
1;46;;3;4;1
1;54;;3;4;1
1;45;;3;4;1
1;52;;6;4;1
1;40;;6;4;3
1;40;;5;4;2
1;45;;5;4;1
1;40;;4;10;1
1;48;;3;10;1
1;40;;6;10;1
1;40;;5;10;1
1;32;;2;13;1
1;81;;2;13;4
1;42;;1;13;1
1;81;;1;13;1
1;45;;4;13;1
1;40;;4;13;16
1;34;;4;13;1
2;21;;4;13;2
1;33;;4;13;1
1;52;;4;13;3
1;43;;4;13;7
2;31;;4;13;1
1;40;;3;13;7
1;45;;3;13;3
1;40;;6;13;11
1;50;;6;13;1
1;40;;5;13;6
1;40;;8;13;3
1;40;;7;13;4
1;40;;10;13;2
1;40;;6;21;1
1;40;;3;26;3
1;39;;2;28;1
1;40;;4;28;5
1;43;;4;28;2
1;46;;4;28;1
1;39;;4;28;1
1;43;;3;28;2
1;45;;3;28;1
1;40;;6;28;2
1;40;;7;28;1
1;40;;10;28;1
1;58;;4;30;1
1;40;;4;30;1
1;45;;4;30;1
1;40;;6;30;1
1;40;;5;31;1
1;40;;4;32;1
1;43;;4;32;1
1;40;;3;32;2
1;40;;6;32;4
1;43;;4;39;1
1;48;;4;40;1
1;40;;4;40;1
1;46;;4;40;1
1;43;;4;40;1
1;40;;3;40;1
1;43;;3;40;1
1;40;;6;40;5
1;40;;5;40;1
1;40;;7;40;2
1;40;;10;40;1
1;54;;4;41;1
1;40;;8;41;1
1;40;;4;42;1
1;42;;2;44;1
1;40;;4;44;3
1;52;;4;44;1
1;40;;6;44;3
1;40;;5;44;1
1;45;;6;48;1
1;81;;2;49;1
1;40;;3;49;1
1;40;;6;49;1
1;81;;2;51;1
1;40;;4;51;1
1;40;;4;53;1
1;40;;3;53;1
1;40;;3;55;2
1;40;;10;55;1
1;81;;2;56;1
1;40;;4;56;1
1;40;;3;56;1
1;40;;3;59;1
1;40;;6;59;1
1;39;;4;60;1
1;43;;4;62;1
1;52;;4;62;1
1;40;;4;62;4
1;40;;3;62;1
1;40;;6;62;2
1;40;;10;62;1
1;43;;4;63;1
1;40;;4;63;1
1;40;;6;63;1
1;40;;8;63;1
1;40;;4;66;2
1;40;;8;66;1
1;40;;6;67;1
1;40;;10;67;1
1;45;;4;68;1
1;40;;4;68;1
1;40;;6;68;1
1;40;;5;68;1
1;40;;8;71;1
1;45;;6;72;1
1;39;;2;74;1
1;40;;4;74;1
1;46;;3;74;1
1;40;;5;74;1
1;40;;7;74;1
1;54;;4;75;1
1;45;;2;78;2
2;31;;4;78;1
1;40;;4;78;2
1;40;;6;78;1
1;52;;4;82;1
1;81;;2;91;1
1;40;;4;91;10
1;46;;4;91;2
1;51;;4;91;2
1;43;;3;91;1
1;40;;6;91;6
1;40;;7;91;1
1;40;;10;91;1
1;40;;4;93;1
1;40;;6;93;2
1;40;;5;93;1
1;40;;8;93;1
1;40;;4;94;1
1;42;;2;98;7
1;81;;2;98;1
2;30;;2;98;1
1;40;;4;98;5
1;54;;4;98;1
1;39;;4;98;1
1;40;;3;98;2
1;40;;6;98;4
1;40;;8;98;2
1;40;;7;98;1
1;40;;2;103;1
1;39;;2;103;1
1;40;;1;103;1
1;40;;4;103;5
1;43;;4;103;1
2;31;;4;103;1
1;40;;3;103;2
1;40;;6;103;5
1;40;;5;103;3
1;40;;8;103;1
1;40;;7;103;1
1;81;;2;108;1
1;40;;8;108;1
1;46;;4;113;1
1;40;;3;118;1
1;40;;6;118;1
1;40;;8;118;1
1;39;;2;128;1
1;40;;4;128;8
1;43;;4;128;2
1;40;;3;128;3
1;40;;6;128;2
1;40;;5;128;1
1;40;;10;128;1
1;40;;4;130;1
1;40;;4;133;1
1;40;;3;133;1
1;40;;6;133;2
2;30;;2;142;1
2;30;;1;146;1
1;40;;2;158;2
1;39;;2;158;1
1;81;;2;158;11
1;60;;2;158;1
1;42;;2;158;3
1;42;;1;158;1
2;30;;1;158;1
1;81;;1;158;2
1;40;;4;158;73
1;51;;4;158;5
1;46;;4;158;3
2;30;;4;158;1
1;45;;4;158;2
1;41;;4;158;1
1;54;;4;158;1
1;33;;4;158;1
1;43;;4;158;6
1;30;;4;158;1
2;31;;4;158;2
1;39;;4;158;1
2;22;;4;158;4
1;52;;4;158;4
1;40;;3;158;22
1;43;;3;158;3
1;45;;3;158;2
1;52;;3;158;1
1;40;;6;158;51
1;53;;6;158;1
1;45;;6;158;6
1;50;;6;158;1
1;52;;5;158;2
1;40;;5;158;12
1;40;;8;158;15
1;40;;7;158;5
1;40;;10;158;2
1;40;;9;158;2
1;81;;2;162;1
1;81;;1;162;1
1;40;;4;162;4
1;51;;4;162;1
1;43;;4;162;1
1;45;;6;162;1
1;40;;5;162;1
1;40;;8;162;1
1;41;;4;179;1
1;40;;6;179;1
1;40;;5;179;1
1;40;;6;184;1
1;40;;3;186;1
1;40;;6;186;1
1;81;;2;187;3
1;39;;4;187;1
1;40;;3;187;2
1;45;;3;187;1
1;40;;6;187;1
1;40;;8;187;1
1;40;;4;188;4
2;30;;4;188;1
1;40;;3;188;2
1;43;;3;188;1
1;40;;6;188;1
1;40;;4;192;1
1;40;;3;192;2
1;81;;1;193;1
1;43;;4;193;1
2;30;;3;193;1
1;40;;3;193;2
1;46;;3;193;2
1;40;;6;193;4
1;40;;10;197;1
1;81;;2;204;2
1;51;;1;204;1
1;42;;1;204;1
1;40;;4;204;4
1;43;;4;204;1
1;52;;3;204;2
1;40;;3;204;1
1;40;;6;204;2
1;45;;6;204;1
1;40;;5;204;2
1;40;;8;204;1
1;40;;7;204;1
1;40;;4;206;1
1;58;;4;219;1
1;41;;4;222;1
1;41;;4;223;2
1;41;;6;223;1
1;41;;4;224;2
1;40;;6;225;1
1;41;;4;226;2
1;51;;2;228;1
1;41;;4;228;1
1;41;;3;228;2
1;58;;3;228;1
1;68;;6;228;1
1;68;;5;232;1
1;41;;4;234;1
1;41;;3;234;2
1;41;;6;234;3
1;68;;6;235;1
1;41;;8;237;1
1;40;;6;240;2
1;51;;5;240;1
1;40;;6;241;1
1;40;;1;244;1
1;58;;4;244;1
1;40;;4;244;2
2;30;;4;244;1
1;52;;4;244;1
1;40;;3;244;1
1;46;;3;244;1
1;34;;3;244;1
1;40;;6;244;2
1;40;;1;246;1
1;40;;4;246;6
1;30;;4;246;1
1;40;;3;246;3
1;40;;6;246;1
1;40;;5;246;1
1;40;;8;246;1
1;40;;10;246;1
1;40;;9;246;1
1;40;;6;249;1
1;45;;2;252;1
1;52;;4;252;1
1;41;;6;254;1
1;58;;6;254;1
1;41;;2;256;1
1;58;;4;256;1
1;41;;4;257;2
1;44;;3;257;1
1;41;;4;258;5
1;58;;4;258;1
1;41;;3;258;2
1;41;;6;258;2
1;41;;8;258;1
1;40;;1;259;1
1;81;;2;260;1
1;40;;4;260;1
1;40;;6;260;2
1;53;;8;262;1
1;40;;4;263;1
1;41;;4;263;1
1;41;;3;263;1
1;40;;6;264;1
1;40;;6;271;1
1;45;;6;271;1
1;52;;4;275;1
1;40;;4;277;3
1;40;;6;277;1
1;40;;5;277;2
1;40;;8;277;1
1;40;;4;278;1
1;40;;6;278;2
1;40;;4;281;1
1;40;;6;282;1
1;81;;2;283;3
1;40;;2;283;1
1;81;;1;283;1
1;45;;4;283;1
1;30;;4;283;1
1;40;;4;283;8
1;43;;4;283;1
1;52;;4;283;2
1;40;;3;283;2
1;40;;6;283;9
1;40;;5;283;3
1;40;;8;283;1
1;40;;7;283;1
1;40;;10;283;1
1;40;;9;283;1
1;40;;6;284;1
1;54;;2;286;1
1;32;;2;286;1
2;30;;2;286;1
1;45;;4;286;1
1;53;;4;286;1
1;46;;4;286;1
1;40;;4;286;8
1;43;;4;286;3
1;40;;3;286;1
1;45;;3;286;2
1;40;;6;286;1
1;40;;5;286;1
1;46;;4;287;1
1;40;;3;288;1
1;40;;4;290;2
1;40;;3;290;1
1;46;;3;290;2
1;40;;6;290;1
1;40;;3;291;1
1;40;;5;291;1
1;41;;2;293;1
1;41;;8;293;1
1;40;;2;300;1
1;42;;2;300;1
1;81;;2;300;4
1;40;;1;300;1
1;81;;1;300;2
1;42;;1;300;1
1;30;;4;300;2
1;33;;4;300;1
1;48;;4;300;1
1;43;;4;300;5
1;46;;4;300;1
2;30;;4;300;1
1;52;;4;300;3
1;31;;4;300;1
1;40;;4;300;38
1;50;;4;300;1
1;39;;4;300;1
1;45;;4;300;3
2;65;;4;300;1
1;52;;3;300;1
1;40;;3;300;15
1;39;;3;300;1
1;38;;3;300;1
1;45;;6;300;1
1;40;;6;300;26
1;40;;5;300;8
1;40;;8;300;3
1;40;;7;300;3
1;40;;10;300;3
1;45;;4;301;1
2;31;;3;305;1
1;52;;6;325;1
2;28;;2;329;1
2;28;;2;335;1
2;1;;5;373;1
1;50;;6;424;1
2;21;;4;427;1
1;40;;6;427;1
1;81;;2;431;1
1;50;;3;431;1
1;40;;6;431;1
1;51;;4;439;1
1;40;;4;439;2
1;43;;3;439;3
1;40;;6;439;1
1;40;;5;439;1
2;29;;2;440;3
1;63;;2;440;1
1;54;;2;440;1
2;31;;4;440;1
1;48;;4;440;2
1;40;;4;440;2
1;45;;4;440;1
1;50;;4;440;1
1;63;;4;440;1
1;43;;3;440;1
2;21;;3;440;1
1;40;;6;440;1
1;53;;6;440;1
2;30;;2;444;1
1;39;;3;444;1
1;41;;3;444;1
1;40;;3;444;1
1;40;;8;444;1
1;40;;4;449;1
2;30;;3;449;1
1;40;;6;449;2
1;41;;8;449;1
1;40;;4;451;1
1;71;;4;452;1
1;53;;4;461;1
1;40;;7;461;1
1;40;;10;461;1
1;43;;3;464;1
2;29;;2;465;1
2;28;;2;465;3
2;29;;1;465;1
1;50;;4;465;1
1;40;;6;465;1
1;53;;5;465;1
1;40;;5;471;1
1;81;;2;478;1
1;40;;6;478;1
1;45;;5;478;1
1;81;;2;490;1
2;29;;2;490;1
1;81;;1;490;1
1;43;;4;490;2
1;50;;4;490;3
1;46;;4;490;1
2;30;;4;490;1
1;40;;4;490;1
2;31;;4;490;2
1;50;;3;490;1
1;41;;3;490;1
1;52;;6;490;1
1;40;;6;490;5
1;45;;6;490;2
1;52;;5;490;1
1;41;;7;490;1
2;28;;2;491;1
2;21;;4;491;1
2;22;;4;491;1
1;50;;4;491;2
2;30;;4;491;1
1;40;;5;494;1
1;40;;4;500;1
2;21;;4;500;1
1;43;;4;504;1
2;31;;4;504;1
1;40;;4;504;1
1;45;;4;504;1
1;51;;4;504;4
2;30;;4;504;1
1;40;;5;504;1
1;40;;9;504;1
1;50;;4;523;1
1;41;;3;523;1
1;50;;3;526;1
1;40;;6;526;1
1;40;;4;616;2
1;40;;6;616;1
2;30;;4;631;1
2;29;;1;634;1
1;52;;4;634;1
1;40;;3;634;1
1;41;;4;635;1
1;40;;4;635;1
1;50;;3;635;1
1;40;;6;635;1
1;40;;3;636;1
1;43;;4;638;1
1;40;;4;638;1
1;40;;3;638;1
2;65;;3;652;1
1;45;;4;657;1
1;40;;6;657;1
1;40;;5;657;1
1;50;;3;660;1
1;40;;5;660;3
1;46;;4;691;1
1;40;;4;691;1
1;51;;4;694;1
1;40;;4;694;1
2;30;;4;695;1
1;63;;4;698;1
1;40;;3;721;1
2;28;;2;738;1
2;29;;2;741;1
1;50;;4;741;1
1;40;;3;741;1
1;45;;6;741;1
1;54;;2;763;1
2;31;;4;763;1
2;30;;4;763;1
1;40;;4;763;1
1;40;;6;783;2
2;29;;2;784;1
1;40;;3;785;1
1;51;;4;801;1
1;50;;4;801;1
1;50;;6;801;1
2;28;;2;875;1
2;65;;2;876;2
1;45;;2;876;1
2;29;;2;876;1
1;59;;1;876;1
1;46;;4;876;1
1;63;;4;876;2
1;54;;4;876;1
2;30;;4;876;1
1;40;;4;876;3
1;40;;6;876;3
1;50;;5;876;1
1;40;;10;876;1
2;33;;2;881;1
2;30;;4;881;1
1;40;;6;881;1
1;45;;4;882;1
1;81;;1;954;1
2;65;;4;962;1
1;52;;2;967;1
1;46;;4;974;1
1;40;;4;980;1
1;40;;4;981;1
1;40;;3;981;1
1;41;;4;1021;1
1;41;;8;1021;1
1;40;;4;1179;1
1;58;;2;1192;1
1;41;;4;1192;1
1;41;;8;1192;1
1;41;;3;1212;1
1;51;;3;1212;1
1;58;;5;1212;1
2;13;;6;1309;1
1;41;;4;1603;1
1;41;;7;1605;1
1;40;;1;1607;1
1;41;;4;1607;1
1;41;;4;1610;1
1;44;;4;1611;1
1;51;;4;1612;1
2;21;;4;1612;1
1;58;;6;1612;1
1;41;;8;1613;1
1;58;;2;1617;1
1;41;;2;1617;1
1;51;;4;1617;1
1;41;;2;1625;1
1;62;;2;1629;1
1;41;;4;1629;1
1;58;;3;1631;1
1;41;;6;1658;1
1;58;;4;1674;1
1;51;;4;1675;1
1;41;;4;1675;1
1;41;;4;1685;1
1;41;;6;1686;1
1;41;;6;1876;1
2;21;;4;3016;2
2;30;;4;3063;1
1;40;;5;3063;1
2;33;;2;3080;1
1;40;;5;3107;1
1;60;;2;3117;1
1;40;;4;3127;1
2;33;;2;3133;1
1;40;;6;3157;1
1;40;;6;3170;1
1;40;;3;3183;1
1;40;;6;3183;2
1;39;;4;3223;1
1;52;;3;3223;1
1;50;;6;3229;1
1;48;;2;3391;1
1;58;;4;3391;1
1;40;;4;3400;1
2;28;;2;3401;1
2;29;;2;3411;1
2;21;;4;3411;1
1;40;;4;3442;1
1;50;;3;3442;1
1;51;;6;3442;1
1;45;;6;3442;1
1;45;;5;3442;1
1;50;;3;3517;1
2;21;;4;3540;1
2;30;;4;3540;1
1;45;;4;3541;1
1;40;;3;3541;1
2;30;;3;3541;1
1;50;;3;3541;1
1;40;;4;3543;1
1;40;;3;3543;1
1;46;;4;3551;1
2;1;;5;3584;1
2;28;;2;3602;1
1;45;;4;3602;1
2;33;;2;3611;1
2;23;;2;3612;1
2;22;;4;3612;1
1;50;;4;3631;1
2;22;;4;3657;1
2;21;;4;3734;1
1;40;;6;3734;1
1;40;;4;3743;1
1;40;;5;3743;1
1;50;;2;3745;1
1;50;;6;3745;1
1;50;;4;3773;1
1;45;;4;3773;1
2;65;;4;3773;1
1;52;;3;3780;1
1;40;;5;3811;1
1;50;;2;3812;1
1;50;;4;3812;2
2;1;;5;3819;1
2;22;;4;3825;1
2;21;;4;3825;3
1;53;;8;3825;1
1;40;;4;3826;1
1;43;;3;3826;1
2;30;;3;3826;1
1;40;;6;3826;1
2;30;;2;3844;1
1;50;;4;3844;1
2;30;;4;3844;1
1;43;;4;3844;1
1;50;;6;3844;3
1;50;;5;3844;1
1;41;;8;3852;1
2;29;;1;3907;1
2;21;;4;3907;1
2;30;;3;3907;1
1;54;;2;3908;1
1;45;;4;3908;1
2;30;;3;3908;1
2;21;;3;3909;1
1;43;;4;3912;1
1;50;;3;3912;1
1;41;;4;3928;1
1;81;;1;3955;1
1;40;;6;3960;1
1;40;;5;3960;1
1;40;;9;3960;1
1;40;;5;3962;1
1;55;;1;3976;1
1;53;;4;3976;1
1;45;;4;3976;1
1;40;;6;3976;2
1;40;;9;3976;1
2;30;;4;3987;1
1;42;;1;3994;1
2;28;;2;3996;2
1;58;;4;4605;1
1;58;;4;4616;1
1;41;;2;5005;1
1;41;;4;5007;1
1;41;;3;5012;1
1;41;;7;5012;1
1;41;;4;5021;1
1;41;;2;5030;1
1;58;;2;5030;1
1;41;;4;5030;1
1;41;;5;5030;1
1;41;;4;5035;1
1;40;;4;5037;1
1;52;;6;5037;1
1;46;;4;5046;1
1;40;;4;5046;2
1;40;;3;5046;3
1;58;;3;5046;1
1;40;;6;5046;3
1;45;;6;5046;1
1;40;;7;5046;1
1;40;;4;5052;2
1;42;;2;5059;1
1;40;;6;5059;1
1;41;;6;5071;2
1;58;;6;5071;1
1;51;;3;5076;1
1;52;;4;5080;1
1;40;;3;5080;2
1;40;;6;5080;2
1;40;;5;5080;2
1;40;;8;5080;1
1;40;;6;5081;1
2;1;;5;5083;1
1;40;;3;5085;1
1;40;;3;5087;1
1;40;;4;5093;2
1;42;;2;5094;2
1;42;;1;5094;1
1;46;;4;5094;1
1;52;;4;5094;1
1;40;;4;5094;5
2;30;;4;5094;1
1;39;;3;5094;1
1;52;;3;5094;1
1;63;;3;5094;1
1;40;;6;5094;3
1;45;;6;5094;1
1;40;;8;5094;2
1;40;;10;5094;1
1;32;;1;5095;1
1;41;;4;5095;1
1;40;;4;5095;1
1;30;;4;5095;1
1;40;;3;5095;1
1;40;;6;5095;1
1;40;;8;5095;1
1;40;;10;5095;1
1;46;;4;5098;1
1;40;;4;5098;4
1;40;;3;5098;2
1;40;;6;5098;2
1;45;;6;5098;1
1;40;;5;5098;1
1;40;;4;5099;1
2;30;;4;5099;1
1;43;;3;5099;1
1;40;;6;5099;5
1;40;;5;5099;3
2;21;;4;5105;1
1;50;;4;5110;2
1;50;;6;5110;1
1;40;;5;5144;1
2;65;;4;5145;2
2;65;;3;5145;1
1;40;;2;5146;1
1;40;;4;5146;1
1;40;;3;5146;2
1;40;;6;5146;2
1;40;;2;5150;1
1;54;;2;5150;1
2;30;;2;5150;1
1;42;;2;5150;5
1;39;;2;5150;1
1;81;;2;5150;6
1;40;;1;5150;5
1;81;;1;5150;2
1;42;;1;5150;1
1;40;;4;5150;109
2;30;;4;5150;1
1;30;;4;5150;1
1;45;;4;5150;2
1;39;;4;5150;5
1;43;;4;5150;7
1;46;;4;5150;3
1;50;;4;5150;1
1;41;;4;5150;2
1;52;;4;5150;1
1;48;;4;5150;1
2;31;;4;5150;1
1;43;;3;5150;2
1;46;;3;5150;1
1;51;;3;5150;3
1;40;;3;5150;75
1;52;;3;5150;5
1;41;;3;5150;1
1;39;;3;5150;2
1;30;;3;5150;1
1;40;;6;5150;93
1;53;;6;5150;1
1;45;;6;5150;1
1;52;;6;5150;4
2;65;;6;5150;1
1;40;;5;5150;44
1;45;;5;5150;2
1;40;;8;5150;9
1;40;;7;5150;4
1;40;;10;5150;15
1;40;;9;5150;10
1;55;;1;5151;1
1;41;;1;5151;1
1;60;;1;5151;1
1;41;;4;5151;29
1;58;;4;5151;1
1;51;;4;5151;1
1;41;;3;5151;11
1;40;;3;5151;1
1;41;;6;5151;14
1;41;;5;5151;4
1;41;;8;5151;1
1;41;;7;5151;4
2;33;;2;5153;1
1;81;;1;5155;1
1;40;;6;5155;3
1;41;;6;5164;2
1;40;;4;5170;1
1;45;;4;5187;1
1;43;;4;5187;1
1;43;;3;5187;1
1;51;;3;5187;1
1;48;;3;5187;1
1;40;;3;5187;1
1;40;;6;5187;3
1;45;;6;5187;1
1;40;;5;5187;3
1;41;;2;5189;1
1;43;;4;5216;1
2;30;;3;5224;1
1;40;;4;5232;1
1;52;;4;5232;1
1;40;;10;5232;1
1;40;;4;5244;1
1;45;;4;5244;1
2;30;;3;5244;1
1;40;;5;5244;1
1;42;;2;5250;2
1;40;;1;5250;1
1;40;;8;5250;1
1;40;;7;5250;1
1;40;;4;5258;1
1;40;;3;5258;1
1;40;;5;5258;1
1;40;;3;5270;1
1;40;;3;5272;2
1;40;;3;5273;2
1;48;;3;5273;1
2;65;;4;5274;1
1;40;;6;5276;1
1;40;;5;5276;1
1;40;;7;5276;1
1;50;;1;5302;1
1;40;;4;5313;2
1;33;;4;5313;1
1;40;;3;5313;1
1;45;;6;5313;1
1;40;;6;5313;5
1;32;;2;5314;1
1;39;;1;5314;1
1;58;;4;5314;1
1;40;;4;5314;1
1;39;;3;5314;1
1;40;;3;5314;3
1;40;;6;5314;2
1;40;;8;5314;1
1;40;;4;5318;1
1;40;;4;5334;1
1;40;;9;5335;1
2;65;;3;5337;1
1;40;;4;5339;1
1;40;;3;5339;1
1;41;;6;5341;1
1;41;;8;5348;1
1;40;;4;5349;1
1;40;;6;5767;1
1;41;;4;5768;2
1;53;;8;5769;1
1;60;;1;6005;1
1;74;;1;49;1
1;74;;2;49;2
3;1;;3;49;2
3;2;;4;49;3
1;74;;4;49;2
1;20;;4;49;1
3;1;;4;49;2
3;1;;5;49;1
3;2;;5;49;1
1;74;;6;49;1
3;1;;7;49;1
3;1;;8;49;1
3;2;;1;49;1
6;3;;1;49;2
1;61;;2;1300;1
3;1;;4;1303;1
1;65;;4;1303;1
3;1;;5;1303;1
3;2;;4;1304;1
3;1;;6;1304;2
3;1;;4;1307;1
3;1;;1;1309;1
3;1;;2;1309;2
1;74;;2;1309;1
3;2;;4;1309;4
3;1;;4;1309;3
3;1;;5;1309;2
3;1;;6;1309;8
3;2;;7;1309;1
3;3;;8;1309;1
3;1;;10;1309;1
3;5;;1;1309;1
3;1;;1;1309;1
3;1;;6;1311;1
3;1;;4;1314;3
3;2;;4;1314;3
3;1;;5;1314;1
3;1;;6;1314;14
3;1;;7;1314;1
3;2;;8;1314;3
3;1;;8;1314;1
3;1;;3;1316;2
3;1;;5;1316;1
3;3;;5;1316;1
3;2;;6;1316;1
3;1;;7;1316;2
3;4;;6;1318;1
3;1;;3;1319;1
3;1;;4;1319;5
3;1;;6;1319;1
3;3;;4;1320;1
3;1;;5;1320;1
3;1;;6;1321;1
3;1;;4;1323;2
3;1;;6;1323;2
3;2;;8;1323;1
3;1;;4;1326;1
3;1;;6;1327;2
3;1;;4;1328;2
3;1;;6;1328;1
3;5;;1;1328;1
6;3;;1;1328;1
3;1;;4;1330;1
3;1;;2;1331;1
3;1;;4;1331;2
3;1;;4;1334;1
3;2;;4;1335;1
3;1;;4;1335;1
3;1;;6;1335;1
3;2;;7;1335;1
3;1;;3;1338;1
3;1;;4;1338;1
3;2;;4;1340;1
3;1;;4;1340;1
3;2;;6;1340;1
3;1;;1;1341;1
3;1;;4;1341;2
3;3;;4;1341;1
3;1;;6;1341;1
3;1;;10;1341;1
3;1;;6;1344;1
3;2;;4;1348;2
3;1;;4;1348;2
3;1;;5;1348;1
3;3;;3;1349;1
3;2;;3;1349;2
3;1;;4;1349;2
3;1;;5;1349;2
3;1;;6;1349;2
3;1;;8;1349;1
3;1;;9;1349;1
3;2;;1;1349;1
3;1;;2;1351;1
3;1;;3;1351;1
3;2;;3;1351;1
3;3;;4;1351;1
3;1;;4;1351;4
3;1;;5;1351;1
3;1;;6;1351;4
3;11;;6;1351;1
3;1;;10;1351;1
3;1;;5;1352;1
3;2;;4;1354;1
3;2;;4;1362;1
3;1;;6;1362;1
3;1;;5;1369;1
3;2;;4;1370;1
3;1;;4;1373;1
3;2;;3;1374;1
3;1;;3;1374;1
3;1;;4;1374;6
1;65;;4;1374;1
3;2;;4;1374;2
3;3;;4;1374;1
3;2;;5;1374;1
3;1;;6;1374;5
3;1;;10;1374;1
3;1;;2;1375;2
3;1;;4;1375;2
3;1;;8;1375;1
3;2;;3;1376;1
3;1;;3;1376;3
3;2;;4;1376;1
3;1;;5;1376;2
3;1;;2;1377;2
3;1;;4;1377;2
3;2;;6;1377;1
3;1;;6;1377;2
3;1;;8;1377;1
3;1;;9;1377;1
3;12;;1;1377;1
3;1;;6;1379;1
1;61;;2;1380;1
3;2;;3;1380;1
3;1;;4;1380;2
3;1;;5;1380;1
3;1;;4;1381;1
3;1;;6;1382;1
3;1;;2;1383;1
3;1;;3;1383;1
3;2;;3;1383;1
3;1;;4;1383;1
3;1;;6;1383;1
3;1;;10;1383;1
3;1;;2;1384;1
3;1;;3;1384;1
3;1;;4;1384;2
3;2;;6;1384;1
3;2;;8;1384;2
3;2;;3;1386;1
3;1;;6;1387;1
3;1;;6;1388;2
3;1;;8;1388;1
3;1;;10;1388;1
3;1;;2;1390;1
3;2;;4;1390;1
3;1;;4;1390;1
3;1;;6;1390;1
3;2;;4;1391;1
3;1;;2;1393;1
3;1;;2;1394;1
3;1;;4;1395;1
3;1;;6;1397;1
3;2;;5;1399;1
3;1;;1;1401;1
3;1;;1;1401;1
3;1;;4;1402;2
3;1;;4;1403;1
3;1;;1;1405;1
3;2;;2;1405;1
3;1;;3;1405;1
3;2;;4;1405;2
3;1;;4;1405;1
3;1;;5;1405;4
3;1;;6;1405;3
3;10;;6;1405;1
3;1;;1;1405;1
3;1;;5;1407;1
3;1;;6;1407;1
3;1;;6;1409;1
3;3;;8;1414;1
3;2;;3;1415;1
3;1;;6;1419;1
3;2;;4;1424;1
3;1;;2;1426;1
1;91;;4;1426;1
3;1;;4;1426;3
1;74;;2;1431;1
3;1;;4;1431;1
3;1;;6;1431;2
3;1;;4;1433;1
3;1;;5;1433;1
3;1;;6;1433;3
1;74;;1;1434;1
1;74;;1;1434;1
1;74;;3;1434;3
1;74;;4;1434;1
3;1;;5;1434;1
1;74;;5;1434;1
3;1;;6;1434;1
3;2;;4;1435;1
3;3;;6;1435;1
3;1;;3;1437;1
3;1;;4;1437;1
3;1;;6;1437;2
3;1;;5;1438;1
3;1;;6;1439;1
3;2;;3;1440;1
3;1;;2;1441;1
3;1;;2;1442;1
3;1;;3;1442;1
3;2;;4;1442;1
3;1;;6;1442;3
3;5;;1;1442;1
3;1;;6;1449;2
3;2;;3;1451;1
3;1;;5;1454;1
3;1;;1;1458;1
1;74;;2;1458;1
1;61;;2;1458;2
3;1;;2;1458;4
3;2;;3;1458;3
3;1;;3;1458;7
3;4;;4;1458;1
1;91;;4;1458;1
3;1;;4;1458;14
3;2;;4;1458;8
3;1;;5;1458;9
3;2;;5;1458;1
3;1;;6;1458;21
3;2;;6;1458;4
3;2;;8;1458;2
3;1;;8;1458;2
3;1;;10;1458;1
3;5;;1;1458;1
3;1;;1;1458;1
3;1;;8;1459;1
3;1;;1;1459;1
3;1;;4;1467;1
3;3;;8;1467;1
3;1;;2;1468;1
3;1;;4;1468;1
3;1;;6;1468;1
3;1;;3;1475;1
3;1;;4;1475;1
3;1;;5;1475;1
3;1;;6;1475;1
3;1;;1;1476;1
3;2;;4;1476;3
3;1;;6;1478;2
3;1;;6;1479;1
1;79;;2;1482;1
3;2;;2;1482;1
3;1;;2;1482;8
3;2;;3;1482;6
3;1;;3;1482;7
3;3;;4;1482;1
3;1;;4;1482;20
3;2;;4;1482;14
3;1;;5;1482;10
3;1;;6;1482;32
3;2;;6;1482;1
3;1;;7;1482;1
3;1;;8;1482;2
3;2;;8;1482;1
3;1;;9;1482;2
3;1;;10;1482;2
3;2;;1;1482;1
1;74;;4;1484;1
3;1;;4;1485;1
3;2;;4;1491;1
1;74;;2;1494;2
1;74;;6;1494;1
1;74;;2;1496;1
1;74;;1;1498;1
3;1;;2;1498;1
3;1;;3;1502;1
3;1;;4;1502;1
3;1;;6;1502;1
3;1;;6;1503;1
3;1;;9;1504;1
3;1;;6;1505;1
3;3;;3;1512;1
3;1;;4;1529;1
3;1;;5;1529;1
3;1;;3;1531;1
3;1;;3;1532;1
3;1;;8;1532;1
3;1;;4;1539;1
3;3;;4;1539;1
3;3;;2;1545;1
3;1;;4;1545;1
3;2;;4;1547;1
3;1;;4;1548;1
3;1;;6;1553;1
3;1;;6;1555;1
3;1;;4;1556;1
3;1;;6;1565;1
3;3;;7;1565;1
3;2;;4;1572;1
3;1;;6;1572;3
3;2;;6;1572;2
3;1;;8;1572;1
3;3;;8;1572;1
3;1;;6;1577;1
3;1;;3;1578;1
3;1;;4;1578;1
3;1;;6;1578;3
3;1;;3;1580;2
3;2;;6;1580;1
3;1;;6;1580;1
3;1;;4;1582;1
1;20;;4;1582;1
1;74;;2;1587;1
3;1;;2;1587;4
3;1;;4;1587;2
3;2;;4;1587;1
3;1;;6;1587;3
3;3;;6;1587;1
3;1;;10;1587;1
3;1;;4;4300;1
3;5;;1;4300;1
3;1;;1;4300;1
3;5;;1;4312;1
3;1;;5;4321;1
3;4;;4;4328;2
1;74;;4;4335;1
3;3;;4;4335;1
3;3;;4;4338;1
3;1;;5;4338;1
3;1;;6;4338;3
3;1;;3;4343;1
1;20;;4;4349;1
3;1;;4;4354;1
3;2;;6;4354;1
3;1;;6;4363;1
3;2;;3;4385;1
3;1;;1;4386;3
3;1;;2;4386;3
3;1;;3;4386;8
3;3;;3;4386;1
3;2;;3;4386;7
3;4;;4;4386;1
3;1;;4;4386;13
3;2;;4;4386;3
3;3;;4;4386;3
3;2;;5;4386;2
3;1;;5;4386;2
3;1;;6;4386;12
3;2;;6;4386;2
3;11;;6;4386;2
3;2;;7;4386;1
3;3;;7;4386;1
3;2;;8;4386;2
3;3;;8;4386;1
3;1;;10;4386;5
3;5;;1;4386;3
6;3;;1;4386;1
3;5;;1;4386;1
3;1;;1;4386;1
3;1;;6;4387;1
3;3;;3;4388;1
3;1;;6;4388;1
3;1;;5;4389;1
3;5;;1;4390;1
3;1;;3;4392;2
1;61;;1;4398;1
3;1;;3;4398;1
3;1;;5;4410;1
3;1;;4;4411;1
3;1;;4;4412;3
3;1;;6;4412;1
3;1;;4;4415;1
1;61;;1;4423;1
3;1;;2;4427;1
3;1;;6;4427;1
3;2;;3;4429;2
3;3;;3;4429;1
3;1;;4;4429;1
3;2;;4;4429;1
3;1;;5;4429;2
3;3;;6;4429;1
3;1;;6;4429;1
3;1;;10;4429;1
3;1;;1;4429;1
3;2;;2;4434;1
3;1;;3;4438;1
3;2;;4;4438;1
1;53;;4;4438;1
3;1;;4;4438;2
3;1;;5;4438;1
3;1;;4;4439;1
3;2;;4;4439;1
3;2;;1;4439;1
3;1;;6;4440;1
3;2;;4;4441;1
3;1;;4;4443;1
3;1;;6;4444;1
3;2;;4;4445;1
3;5;;1;4445;1
3;1;;2;4459;2
3;2;;3;4459;1
3;1;;3;4459;2
3;1;;4;4459;1
3;1;;5;4459;1
3;1;;6;4459;3
3;2;;6;4459;1
6;5;;1;4459;1
3;2;;1;4459;1
3;1;;3;4460;1
3;2;;4;4460;2
1;74;;4;4460;1
3;1;;6;4460;2
3;3;;6;4460;1
3;3;;7;4460;1
3;1;;8;4460;2
3;2;;8;4460;2
3;1;;1;4460;1
3;3;;4;4461;3
3;1;;4;4461;4
3;1;;5;4461;2
3;1;;6;4461;1
3;2;;8;4461;1
3;1;;8;4461;1
6;5;;1;4461;1
3;1;;1;4464;1
3;1;;2;4465;1
3;3;;3;4465;1
3;2;;4;4465;2
3;1;;4;4465;1
3;1;;5;4465;3
3;1;;10;4465;1
3;5;;1;4465;1
3;2;;4;4466;1
3;1;;4;4466;3
3;1;;5;4466;1
3;1;;6;4466;3
3;2;;6;4466;2
3;2;;1;4466;1
3;1;;4;4467;1
3;1;;1;4468;1
3;1;;4;4468;1
3;1;;10;4468;1
3;1;;6;4469;2
3;1;;4;4470;1
3;2;;4;4472;1
3;1;;6;4474;1
3;1;;3;4475;1
3;1;;6;4476;1
3;1;;10;4477;1
3;3;;2;4481;1
3;1;;3;4481;3
3;2;;3;4481;2
3;1;;4;4481;5
3;2;;5;4481;1
3;1;;6;4481;1
3;1;;8;4481;1
3;1;;6;4482;1
3;1;;1;4487;1
3;1;;2;4487;6
3;2;;3;4487;3
3;1;;3;4487;3
3;2;;4;4487;8
3;1;;4;4487;13
3;1;;5;4487;8
3;1;;6;4487;12
3;2;;6;4487;1
3;2;;8;4487;1
3;1;;8;4487;1
3;1;;9;4487;1
3;1;;10;4487;2
3;1;;1;4487;1
3;2;;1;4487;1
3;1;;1;4487;1
3;1;;1;4489;2
3;3;;4;4489;1
3;1;;4;4489;1
3;2;;6;4489;1
3;1;;6;4489;1
3;1;;10;4489;1
3;2;;3;4491;2
3;1;;3;4491;2
3;2;;4;4491;6
3;1;;4;4491;6
3;1;;5;4491;2
3;1;;6;4491;8
3;2;;6;4491;1
3;1;;7;4491;1
3;2;;8;4491;1
3;1;;4;4498;1
3;1;;5;4500;1
6;3;;1;4501;1
3;2;;1;4502;1
1;74;;2;4521;1
3;5;;1;4521;1
3;1;;3;4548;1
1;74;;4;4548;2
3;1;;5;4548;1
1;74;;6;4557;1
3;1;;1;4562;1
3;3;;4;4576;2
3;1;;6;4579;1
3;1;;10;4579;1
1;74;;1;4581;1
3;2;;8;4588;1
3;1;;4;7700;1
3;1;;3;7705;1
3;3;;4;7718;1
1;67;;6;1161;1
1;67;;5;4051;211
1;67;;6;1812;2
1;67;;6;1198;5
1;67;;6;1711;5
1;67;;6;1156;30
1;67;;6;4051;425
1;67;;6;4478;4
1;67;;5;1156;11
1;67;;5;1026;7
1;67;;6;1026;15
1;67;;5;1261;9
1;88;;6;1026;1
1;67;;6;3076;2
1;67;;5;4478;1
1;87;;4;4333;1
1;67;;1;4051;6
1;76;;3;1026;1
1;89;;4;1769;1
1;67;;4;4060;1
1;67;;4;1960;1
1;67;;6;1261;13
1;67;;7;1156;2
1;75;;3;4051;6
1;67;;5;1954;1
1;67;;8;1828;1
1;82;;4;3050;1
1;73;;2;4051;1
1;75;;3;1026;3
1;75;;4;4228;1
1;67;;8;4038;1
1;70;;5;1812;1
1;73;;4;4051;20
1;85;;4;4473;1
1;85;;3;4478;1
1;85;;4;1156;2
1;77;;6;4478;2
1;69;;4;1714;1
1;79;;4;1179;1
1;77;;3;1052;1
1;82;;4;4051;1
1;67;;6;1916;1
1;77;;6;1891;1
1;67;;8;1712;1
1;66;;3;1156;1
1;73;;3;4042;1
1;71;;3;1027;1
1;71;;4;1964;1
1;67;;6;3056;4
1;67;;4;4271;1
1;67;;4;4317;2
1;67;;4;4491;1
1;67;;6;4138;1
1;67;;4;4478;2
1;67;;7;4051;82
1;67;;8;4051;143
1;67;;4;1743;1
1;67;;4;1261;5
1;67;;8;4101;1
1;67;;5;3056;3
1;67;;4;1132;1
1;75;;3;3056;1
1;67;;4;1030;1
5;2;;4;1002;1
1;70;;3;4051;9
1;70;;3;1261;2
1;88;;6;4003;1
1;67;;6;1046;1
1;67;;6;1819;1
1;69;;4;1026;1
1;69;;3;4051;6
1;70;;6;1223;1
1;79;;3;1132;1
1;69;;3;3056;1
1;73;;2;1156;1
1;73;;4;1156;4
1;73;;3;1261;1
1;77;;3;1188;1
1;80;;4;4101;1
1;77;;4;4051;2
1;77;;4;1161;1
1;67;;6;4228;1
1;87;;4;4341;1
1;85;;3;1059;1
1;67;;2;1812;1
1;67;;7;1025;1
1;41;;8;465;1
1;41;;1;4051;1
1;71;;4;1156;5
5;2;;3;3056;1
1;67;;6;1076;2
1;67;;6;3602;1
1;70;;6;4478;1
1;83;;3;4478;1
1;67;;4;1821;1
1;76;;6;1026;1
1;67;;3;4478;1
1;67;;7;1711;1
1;67;;4;4099;1
1;67;;4;7196;1
1;67;;6;1714;2
1;67;;5;4073;1
1;67;;5;1200;2
1;67;;6;4063;1
1;75;;4;1156;5
1;67;;5;1888;1
1;87;;4;3036;1
1;82;;3;4051;1
1;75;;4;1026;2
5;2;;4;1156;1
1;75;;4;1161;1
1;69;;4;4478;1
1;70;;5;1261;1
1;64;;4;1026;3
1;73;;4;403;1
1;73;;6;4051;3
1;85;;4;4175;2
1;77;;6;3056;1
1;77;;6;3076;1
1;75;;4;1002;3
1;75;;4;465;1
1;67;;6;1243;1
1;85;;3;7219;1
1;82;;3;3056;1
1;82;;4;1106;1
1;83;;3;1022;1
1;53;;8;3076;1
1;79;;4;1026;1
1;70;;6;4051;13
1;83;;3;4051;1
1;67;;2;4051;25
1;76;;4;1026;1
1;67;;4;4051;198
1;67;;4;1888;3
1;76;;6;1156;1
1;67;;4;1013;1
1;87;;4;616;1
1;67;;7;1812;1
1;67;;8;1051;1
1;82;;4;1812;1
1;76;;4;4341;1
1;76;;4;1052;1
1;75;;4;1261;1
1;75;;4;4087;1
1;67;;4;1947;1
1;67;;1;1156;2
1;70;;6;4075;1
1;73;;3;4051;7
1;73;;4;1026;2
1;85;;4;4478;1
1;77;;2;4073;1
1;77;;1;4051;1
1;77;;4;1156;1
1;82;;3;1066;1
1;67;;10;1711;1
5;2;;4;490;1
1;67;;8;1821;1
1;67;;8;1888;1
1;67;;8;1200;1
1;67;;3;1139;1
1;67;;3;1261;1
1;71;;4;1963;1
1;71;;4;1139;1
1;67;;4;450;1
1;67;;4;3002;1
1;83;;3;1200;1
1;83;;3;1026;1
1;67;;2;1026;1
1;88;;3;3034;1
1;67;;3;1200;1
1;67;;6;2439;1
1;75;;4;4051;7
1;75;;3;1198;1
1;67;;3;1769;1
1;88;;6;1303;1
1;67;;5;4477;1
1;69;;4;4051;12
1;70;;4;1064;1
1;70;;4;1261;1
1;79;;4;1769;1
1;79;;4;1010;3
1;79;;3;4051;10
1;79;;4;1946;1
1;73;;5;4051;2
1;73;;6;1026;1
1;85;;3;1156;1
1;85;;3;1667;1
1;89;;4;1188;1
1;79;;4;1002;1
1;67;;5;4118;1
1;67;;7;1769;1
1;70;;4;1026;1
1;67;;8;3056;1
1;41;;2;1711;1
1;71;;4;4042;1
1;67;;3;3076;1
1;71;;4;3020;1
1;71;;4;1261;1
1;71;;4;1812;1
1;67;;4;3602;1
1;88;;3;1052;1
1;67;;6;4118;1
1;70;;6;1026;1
1;70;;6;1812;1
1;67;;2;1156;3
1;67;;3;4228;1
1;67;;6;1677;1
1;67;;5;4228;2
1;67;;8;1261;9
1;67;;7;1052;1
1;67;;8;4197;1
1;67;;5;1736;1
1;67;;6;1023;4
1;67;;6;4132;1
1;67;;7;1261;2
1;87;;3;1047;1
1;67;;3;3056;3
1;75;;4;1137;1
1;75;;4;1010;2
1;75;;3;1192;1
1;70;;4;1022;1
1;88;;6;4051;1
1;67;;3;1714;1
1;67;;8;1760;1
1;67;;8;1711;1
1;69;;4;7196;1
1;70;;4;1985;1
5;2;;4;449;1
1;73;;5;1026;2
1;85;;4;4051;5
1;86;;4;7209;1
1;67;;5;4132;1
1;67;;10;3017;1
5;2;;4;3052;1
1;66;;3;1198;1
1;66;;4;4051;3
1;71;;4;1026;8
1;69;;4;1261;1
1;70;;6;3056;1
1;87;;4;1827;1
1;67;;4;1026;11
1;67;;3;1026;3
1;76;;6;1022;1
1;67;;4;1667;1
1;67;;3;450;2
1;67;;6;1929;2
1;67;;3;4004;1
1;67;;4;4132;1
1;67;;4;1232;1
1;67;;4;1156;10
5;2;;4;3017;4
1;75;;3;4478;2
5;2;;4;3035;1
1;69;;4;3076;1
1;70;;3;1156;1
1;79;;3;4052;1
1;79;;3;3076;1
1;79;;3;4005;1
1;77;;3;4473;1
1;77;;4;4473;2
1;77;;6;1261;1
1;67;;6;3004;1
1;85;;4;1002;1
1;85;;3;1026;1
1;67;;8;616;1
1;67;;4;3056;1
1;41;;8;4051;2
1;57;;2;4051;2
1;71;;3;1203;1
1;67;;11;1026;1
1;83;;3;4228;1
1;67;;6;8207;1
1;70;;6;1002;1
1;67;;1;3017;1
1;67;;3;4051;102
1;64;;4;4051;11
1;67;;4;1076;1
1;71;;4;1132;1
1;67;;6;1875;1
1;67;;7;3076;2
1;67;;6;4292;2
1;67;;6;1985;1
1;67;;6;1828;1
1;67;;2;1722;1
1;67;;1;3056;2
1;70;;4;4051;8
1;70;;4;1693;2
1;73;;3;1929;1
1;73;;6;4478;1
1;73;;6;1261;1
1;77;;4;1002;1
1;67;;2;1261;1
1;67;;6;1720;1
1;85;;4;1137;1
1;89;;4;7209;1
1;67;;8;1030;2
1;70;;3;1026;1
1;67;;4;4003;1
1;71;;4;3017;1
1;71;;3;1156;1
5;2;;4;4333;1
1;83;;4;1026;1
1;83;;4;4051;5
1;67;;6;1173;2
1;70;;5;4051;10
1;67;;6;1963;1
1;64;;3;4051;4
1;67;;4;1963;1
1;70;;2;4051;3
1;71;;3;4051;21
1;67;;8;1066;1
1;67;;3;1169;1
1;67;;6;1002;1
1;67;;6;1200;1
1;75;;4;1764;1
1;67;;8;1812;3
1;67;;7;1963;1
1;69;;3;1198;1
1;79;;4;4051;1
1;73;;4;1671;1
1;77;;4;4129;1
1;77;;4;3059;1
1;77;;4;3034;1
1;67;;6;1862;1
1;67;;10;1077;1
1;67;;10;4051;6
1;40;;3;4051;1
1;83;;4;3056;1
1;75;;4;1106;1
5;2;;4;3036;1
1;77;;3;1711;1
1;79;;3;1156;2
1;70;;6;1156;2
1;83;;4;7223;1
1;89;;3;4051;1
1;67;;4;1664;1
1;71;;4;4051;31
1;67;;8;1137;1
1;67;;8;4478;4
1;67;;5;4101;1
1;67;;4;4327;1
1;82;;4;3008;1
1;82;;3;1156;1
1;75;;4;3056;1
1;67;;6;4003;1
1;67;;2;1711;1
1;67;;8;4292;1
1;79;;4;1156;3
1;73;;4;1712;1
1;73;;4;1916;1
1;85;;4;4058;1
1;86;;6;3050;1
1;77;;3;1156;1
1;67;;5;1027;1
1;74;;HOLA;4051;1
1;67;;9;4478;1
1;67;;10;3076;1
1;88;;4;4478;1
5;2;;4;3602;1
1;87;;4;4051;2
1;67;;3;1156;9
1;67;;3;1198;1
1;67;;4;3076;4
1;67;;8;1156;10
1;67;;8;1026;8
1;67;;4;1139;2
5;2;;3;3017;2
1;75;;4;4473;1
1;75;;3;1156;1
1;88;;6;1812;1
1;67;;8;4492;1
1;69;;3;1812;1
1;69;;4;1156;2
1;70;;5;4132;1
1;79;;3;4003;1
1;64;;4;1156;2
1;73;;3;1156;2
1;85;;3;4051;1
1;77;;3;4051;1
1;77;;6;1755;1
1;67;;6;1854;1
1;67;;6;1027;1
1;75;;4;4333;1
1;77;;4;4138;1
1;67;;8;1198;1
1;70;;4;3056;1
